Row ID,Image ID,Label ID,Prediction
1,testing0001,Blank1,0
2,testing0001,Blank2,1
3,testing0001,Blank3,0
4,testing0001,Blank4,0
5,testing0001,Blank5,0
6,testing0001,Blank6,0
7,testing0001,Blank7,0
8,testing0001,Blank8,0
9,testing0002,Blank1,1
10,testing0002,Blank2,0
11,testing0002,Blank3,0
12,testing0002,Blank4,0
13,testing0002,Blank5,0
14,testing0002,Blank6,0
15,testing0002,Blank7,0
16,testing0002,Blank8,0
17,testing0002,Blank9,0
18,testing0003,Blank1,0
19,testing0003,Blank2,1
20,testing0003,Blank3,1
21,testing0003,Blank4,0
22,testing0003,Blank5,0
23,testing0003,Blank6,0
24,testing0003,Blank7,0
25,testing0003,Blank8,0
26,testing0004,Blank1,0
27,testing0004,Blank2,0
28,testing0004,Blank3,0
29,testing0004,Blank4,0
30,testing0004,Blank5,1
31,testing0004,Blank6,1
32,testing0004,Blank7,0
33,testing0004,Blank8,0
34,testing0004,Blank9,0
35,testing0004,Blank10,0
36,testing0004,Blank11,0
37,testing0004,Blank12,0
38,testing0005,Blank1,1
39,testing0005,Blank2,0
40,testing0005,Blank3,0
41,testing0005,Blank4,0
42,testing0005,Blank5,0
43,testing0005,Blank6,0
44,testing0005,Blank7,0
45,testing0005,Blank8,0
46,testing0005,Blank9,0
47,testing0005,Blank10,0
48,testing0005,Blank11,0
49,testing0006,Blank1,1
50,testing0006,Blank2,0
51,testing0006,Blank3,0
52,testing0006,Blank4,0
53,testing0006,Blank5,0
54,testing0006,Blank6,0
55,testing0006,Blank7,0
56,testing0006,Blank8,0
57,testing0006,Blank9,0
58,testing0007,Blank1,0
59,testing0007,Blank2,0
60,testing0007,Blank3,0
61,testing0007,Blank4,0
62,testing0007,Blank5,0
63,testing0007,Blank6,0
64,testing0007,Blank7,0
65,testing0007,Blank8,0
66,testing0007,Blank9,0
67,testing0007,Blank10,0
68,testing0007,Blank11,0
69,testing0007,Blank12,0
70,testing0007,Blank13,0
71,testing0008,Blank1,0
72,testing0008,Blank2,0
73,testing0008,Blank3,0
74,testing0008,Blank4,0
75,testing0008,Blank5,0
76,testing0008,Blank6,0
77,testing0008,Blank7,0
78,testing0008,Blank8,0
79,testing0008,Blank9,0
80,testing0008,Blank10,0
81,testing0008,Blank11,0
82,testing0008,Blank12,0
83,testing0008,Blank13,0
84,testing0008,Blank14,0
85,testing0008,Blank15,0
86,testing0008,Blank16,0
87,testing0009,Blank1,1
88,testing0009,Blank2,0
89,testing0009,Blank3,0
90,testing0009,Blank4,0
91,testing0009,Blank5,0
92,testing0009,Blank6,0
93,testing0009,Blank7,0
94,testing0009,Blank8,0
95,testing0009,Blank9,0
96,testing0009,Blank10,0
97,testing0009,Blank11,0
98,testing0010,Blank1,1
99,testing0010,Blank2,0
100,testing0010,Blank3,0
101,testing0010,Blank4,0
102,testing0010,Blank5,0
103,testing0010,Blank6,0
104,testing0010,Blank7,0
105,testing0010,Blank8,0
106,testing0010,Blank9,0
107,testing0010,Blank10,0
108,testing0010,Blank11,0
109,testing0010,Blank12,0
110,testing0011,Blank1,1
111,testing0011,Blank2,0
112,testing0011,Blank3,0
113,testing0011,Blank4,0
114,testing0011,Blank5,0
115,testing0011,Blank6,0
116,testing0011,Blank7,0
117,testing0011,Blank8,0
118,testing0012,Blank1,1
119,testing0012,Blank2,0
120,testing0012,Blank3,0
121,testing0012,Blank4,0
122,testing0012,Blank5,0
123,testing0012,Blank6,0
124,testing0012,Blank7,0
125,testing0012,Blank8,0
126,testing0013,Blank1,0
127,testing0013,Blank2,0
128,testing0013,Blank3,0
129,testing0013,Blank4,0
130,testing0013,Blank5,0
131,testing0013,Blank6,0
132,testing0013,Blank7,0
133,testing0013,Blank8,0
134,testing0013,Blank9,0
135,testing0013,Blank10,0
136,testing0014,Blank1,1
137,testing0014,Blank2,0
138,testing0014,Blank3,0
139,testing0014,Blank4,0
140,testing0014,Blank5,0
141,testing0014,Blank6,0
142,testing0014,Blank7,0
143,testing0014,Blank8,0
144,testing0014,Blank9,0
145,testing0015,Blank1,0
146,testing0015,Blank2,1
147,testing0015,Blank3,0
148,testing0015,Blank4,0
149,testing0015,Blank5,0
150,testing0015,Blank6,0
151,testing0015,Blank7,0
152,testing0015,Blank8,0
153,testing0015,Blank9,0
154,testing0016,Blank1,0
155,testing0016,Blank2,0
156,testing0016,Blank3,0
157,testing0016,Blank4,0
158,testing0016,Blank5,0
159,testing0016,Blank6,0
160,testing0016,Blank7,0
161,testing0016,Blank8,0
162,testing0017,Blank1,0
163,testing0017,Blank2,0
164,testing0017,Blank3,0
165,testing0017,Blank4,0
166,testing0017,Blank5,0
167,testing0018,Blank1,0
168,testing0018,Blank2,0
169,testing0018,Blank3,0
170,testing0018,Blank4,0
171,testing0018,Blank5,0
172,testing0018,Blank6,0
173,testing0018,Blank7,0
174,testing0019,Blank1,1
175,testing0019,Blank2,0
176,testing0019,Blank3,0
177,testing0019,Blank4,0
178,testing0019,Blank5,0
179,testing0019,Blank6,0
180,testing0019,Blank7,0
181,testing0020,Blank1,1
182,testing0020,Blank2,0
183,testing0020,Blank3,0
184,testing0020,Blank4,0
185,testing0020,Blank5,0
186,testing0020,Blank6,0
187,testing0020,Blank7,0
188,testing0021,Blank1,0
189,testing0021,Blank2,0
190,testing0021,Blank3,0
191,testing0021,Blank4,0
192,testing0021,Blank5,0
193,testing0021,Blank6,0
194,testing0021,Blank7,0
195,testing0021,Blank8,0
196,testing0022,Blank1,0
197,testing0022,Blank2,0
198,testing0022,Blank3,0
199,testing0022,Blank4,0
200,testing0022,Blank5,0
201,testing0022,Blank6,0
202,testing0022,Blank7,0
203,testing0023,Blank1,1
204,testing0023,Blank2,0
205,testing0024,Blank1,1
206,testing0024,Blank2,0
207,testing0024,Blank3,0
208,testing0024,Blank4,0
209,testing0024,Blank5,0
210,testing0024,Blank6,0
211,testing0024,Blank7,0
212,testing0025,Blank1,1
213,testing0025,Blank2,0
214,testing0025,Blank3,0
215,testing0025,Blank4,0
216,testing0025,Blank5,0
217,testing0026,Blank1,1
218,testing0026,Blank2,0
219,testing0026,Blank3,0
220,testing0026,Blank4,0
221,testing0026,Blank5,0
222,testing0027,Blank1,1
223,testing0027,Blank2,0
224,testing0027,Blank3,0
225,testing0027,Blank4,0
226,testing0028,Blank1,1
227,testing0028,Blank2,0
228,testing0028,Blank3,0
229,testing0028,Blank4,0
230,testing0028,Blank5,0
231,testing0028,Blank6,0
232,testing0029,Blank1,1
233,testing0029,Blank2,0
234,testing0029,Blank3,0
235,testing0029,Blank4,0
236,testing0029,Blank5,0
237,testing0029,Blank6,0
238,testing0029,Blank7,0
239,testing0029,Blank8,0
240,testing0029,Blank9,0
241,testing0029,Blank10,0
242,testing0029,Blank11,0
243,testing0030,Blank1,1
244,testing0030,Blank2,0
245,testing0030,Blank3,0
246,testing0030,Blank4,0
247,testing0030,Blank5,0
248,testing0030,Blank6,0
249,testing0030,Blank7,0
250,testing0031,Blank1,1
251,testing0032,Blank1,0
252,testing0032,Blank2,0
253,testing0032,Blank3,0
254,testing0032,Blank4,0
255,testing0032,Blank5,0
256,testing0032,Blank6,0
257,testing0032,Blank7,0
258,testing0032,Blank8,0
259,testing0033,Blank1,1
260,testing0033,Blank2,0
261,testing0033,Blank3,0
262,testing0033,Blank4,0
263,testing0033,Blank5,0
264,testing0033,Blank6,0
265,testing0034,Blank1,1
266,testing0034,Blank2,0
267,testing0034,Blank3,0
268,testing0034,Blank4,0
269,testing0034,Blank5,0
270,testing0034,Blank6,0
271,testing0034,Blank7,0
272,testing0034,Blank8,0
273,testing0034,Blank9,0
274,testing0034,Blank10,0
275,testing0034,Blank11,0
276,testing0034,Blank12,0
277,testing0034,Blank13,0
278,testing0035,Blank1,1
279,testing0036,Blank1,1
280,testing0036,Blank2,0
281,testing0036,Blank3,0
282,testing0036,Blank4,0
283,testing0036,Blank5,0
284,testing0037,Blank1,0
285,testing0037,Blank2,1
286,testing0037,Blank3,0
287,testing0037,Blank4,0
288,testing0037,Blank5,0
289,testing0037,Blank6,0
290,testing0037,Blank7,0
291,testing0037,Blank8,0
292,testing0038,Blank1,1
293,testing0038,Blank2,0
294,testing0038,Blank3,0
295,testing0038,Blank4,0
296,testing0038,Blank5,0
297,testing0038,Blank6,0
298,testing0038,Blank7,0
299,testing0039,Blank1,0
300,testing0039,Blank2,0
301,testing0039,Blank3,0
302,testing0040,Blank1,0
303,testing0040,Blank2,1
304,testing0040,Blank3,0
305,testing0040,Blank4,0
306,testing0040,Blank5,0
307,testing0040,Blank6,0
308,testing0040,Blank7,0
309,testing0040,Blank8,0
310,testing0040,Blank9,0
311,testing0040,Blank10,0
312,testing0041,Blank1,1
313,testing0041,Blank2,1
314,testing0041,Blank3,0
315,testing0041,Blank4,0
316,testing0041,Blank5,0
317,testing0041,Blank6,0
318,testing0041,Blank7,0
319,testing0041,Blank8,0
320,testing0041,Blank9,0
321,testing0041,Blank10,0
322,testing0042,Blank1,1
323,testing0042,Blank2,0
324,testing0042,Blank3,0
325,testing0042,Blank4,0
326,testing0043,Blank1,0
327,testing0043,Blank2,0
328,testing0043,Blank3,0
329,testing0043,Blank4,0
330,testing0044,Blank1,1
331,testing0044,Blank2,0
332,testing0044,Blank3,0
333,testing0045,Blank1,1
334,testing0045,Blank2,0
335,testing0046,Blank1,0
336,testing0046,Blank2,0
337,testing0046,Blank3,0
338,testing0047,Blank1,1
339,testing0047,Blank2,0
340,testing0047,Blank3,1
341,testing0047,Blank4,0
342,testing0047,Blank5,0
343,testing0047,Blank6,0
344,testing0047,Blank7,0
345,testing0047,Blank8,0
346,testing0048,Blank1,1
347,testing0048,Blank2,0
348,testing0048,Blank3,0
349,testing0048,Blank4,0
350,testing0048,Blank5,0
351,testing0048,Blank6,0
352,testing0049,Blank1,1
353,testing0049,Blank2,0
354,testing0049,Blank3,0
355,testing0049,Blank4,0
356,testing0049,Blank5,0
357,testing0049,Blank6,0
358,testing0049,Blank7,0
359,testing0050,Blank1,1
360,testing0050,Blank2,0
361,testing0050,Blank3,0
362,testing0050,Blank4,0
363,testing0050,Blank5,0
364,testing0050,Blank6,0
365,testing0050,Blank7,0
366,testing0050,Blank8,0
367,testing0051,Blank1,0
368,testing0051,Blank2,0
369,testing0051,Blank3,0
370,testing0051,Blank4,0
371,testing0051,Blank5,0
372,testing0051,Blank6,0
373,testing0051,Blank7,0
374,testing0052,Blank1,1
375,testing0052,Blank2,0
376,testing0052,Blank3,0
377,testing0052,Blank4,0
378,testing0052,Blank5,0
379,testing0052,Blank6,0
380,testing0052,Blank7,0
381,testing0052,Blank8,0
382,testing0053,Blank1,0
383,testing0053,Blank2,0
384,testing0053,Blank3,0
385,testing0053,Blank4,0
386,testing0053,Blank5,0
387,testing0053,Blank6,0
388,testing0053,Blank7,0
389,testing0053,Blank8,0
390,testing0053,Blank9,0
391,testing0054,Blank1,0
392,testing0054,Blank2,0
393,testing0054,Blank3,0
394,testing0054,Blank4,0
395,testing0054,Blank5,0
396,testing0054,Blank6,0
397,testing0054,Blank7,0
398,testing0055,Blank1,1
399,testing0055,Blank2,0
400,testing0055,Blank3,0
401,testing0055,Blank4,0
402,testing0055,Blank5,0
403,testing0055,Blank6,0
404,testing0055,Blank7,0
405,testing0056,Blank1,1
406,testing0056,Blank2,0
407,testing0056,Blank3,0
408,testing0056,Blank4,0
409,testing0056,Blank5,0
410,testing0057,Blank1,1
411,testing0057,Blank2,0
412,testing0057,Blank3,0
413,testing0057,Blank4,0
414,testing0057,Blank5,1
415,testing0057,Blank6,0
416,testing0057,Blank7,0
417,testing0057,Blank8,0
418,testing0058,Blank1,1
419,testing0058,Blank2,0
420,testing0058,Blank3,0
421,testing0058,Blank4,0
422,testing0058,Blank5,0
423,testing0058,Blank6,0
424,testing0058,Blank7,0
425,testing0058,Blank8,0
426,testing0059,Blank1,0
427,testing0059,Blank2,0
428,testing0059,Blank3,0
429,testing0059,Blank4,0
430,testing0059,Blank5,0
431,testing0059,Blank6,0
432,testing0059,Blank7,0
433,testing0059,Blank8,0
434,testing0059,Blank9,0
435,testing0060,Blank1,1
436,testing0060,Blank2,0
437,testing0060,Blank3,0
438,testing0060,Blank4,0
439,testing0060,Blank5,0
440,testing0060,Blank6,0
441,testing0060,Blank7,0
442,testing0061,Blank1,0
443,testing0061,Blank2,0
444,testing0061,Blank3,0
445,testing0061,Blank4,0
446,testing0061,Blank5,0
447,testing0062,Blank1,0
448,testing0062,Blank2,0
449,testing0062,Blank3,0
450,testing0062,Blank4,0
451,testing0062,Blank5,0
452,testing0062,Blank6,0
453,testing0062,Blank7,0
454,testing0062,Blank8,0
455,testing0062,Blank9,0
456,testing0062,Blank10,0
457,testing0062,Blank11,0
458,testing0063,Blank1,0
459,testing0063,Blank2,0
460,testing0063,Blank3,0
461,testing0063,Blank4,0
462,testing0063,Blank5,0
463,testing0063,Blank6,0
464,testing0063,Blank7,0
465,testing0063,Blank8,0
466,testing0063,Blank9,0
467,testing0063,Blank10,0
468,testing0064,Blank1,1
469,testing0064,Blank2,0
470,testing0064,Blank3,0
471,testing0064,Blank4,0
472,testing0064,Blank5,0
473,testing0064,Blank6,0
474,testing0064,Blank7,0
475,testing0065,Blank1,0
476,testing0065,Blank2,0
477,testing0065,Blank3,0
478,testing0065,Blank4,1
479,testing0065,Blank5,0
480,testing0065,Blank6,0
481,testing0066,Blank1,1
482,testing0066,Blank2,1
483,testing0066,Blank3,0
484,testing0066,Blank4,0
485,testing0066,Blank5,0
486,testing0066,Blank6,0
487,testing0066,Blank7,0
488,testing0066,Blank8,0
489,testing0066,Blank9,0
490,testing0066,Blank10,0
491,testing0066,Blank11,0
492,testing0066,Blank12,0
493,testing0067,Blank1,1
494,testing0067,Blank2,0
495,testing0067,Blank3,0
496,testing0067,Blank4,0
497,testing0067,Blank5,0
498,testing0067,Blank6,0
499,testing0067,Blank7,0
500,testing0067,Blank8,0
501,testing0068,Blank1,1
502,testing0068,Blank2,0
503,testing0068,Blank3,0
504,testing0068,Blank4,0
505,testing0068,Blank5,0
506,testing0068,Blank6,0
507,testing0068,Blank7,0
508,testing0068,Blank8,0
509,testing0068,Blank9,0
510,testing0069,Blank1,1
511,testing0069,Blank2,0
512,testing0069,Blank3,0
513,testing0069,Blank4,0
514,testing0069,Blank5,0
515,testing0069,Blank6,0
516,testing0070,Blank1,1
517,testing0070,Blank2,0
518,testing0070,Blank3,0
519,testing0070,Blank4,0
520,testing0070,Blank5,0
521,testing0071,Blank1,1
522,testing0071,Blank2,0
523,testing0071,Blank3,0
524,testing0071,Blank4,0
525,testing0071,Blank5,0
526,testing0071,Blank6,0
527,testing0071,Blank7,0
528,testing0072,Blank1,0
529,testing0072,Blank2,0
530,testing0072,Blank3,0
531,testing0072,Blank4,0
532,testing0072,Blank5,0
533,testing0072,Blank6,0
534,testing0073,Blank1,1
535,testing0073,Blank2,0
536,testing0073,Blank3,0
537,testing0073,Blank4,0
538,testing0073,Blank5,0
539,testing0073,Blank6,0
540,testing0073,Blank7,0
541,testing0073,Blank8,0
542,testing0073,Blank9,0
543,testing0073,Blank10,0
544,testing0073,Blank11,0
545,testing0073,Blank12,0
546,testing0073,Blank13,0
547,testing0074,Blank1,1
548,testing0074,Blank2,0
549,testing0074,Blank3,0
550,testing0074,Blank4,0
551,testing0074,Blank5,0
552,testing0074,Blank6,0
553,testing0074,Blank7,0
554,testing0075,Blank1,1
555,testing0075,Blank2,0
556,testing0075,Blank3,0
557,testing0075,Blank4,0
558,testing0075,Blank5,0
559,testing0075,Blank6,0
560,testing0075,Blank7,0
561,testing0075,Blank8,0
562,testing0075,Blank9,0
563,testing0075,Blank10,0
564,testing0076,Blank1,0
565,testing0076,Blank2,0
566,testing0076,Blank3,0
567,testing0076,Blank4,0
568,testing0076,Blank5,0
569,testing0076,Blank6,0
570,testing0076,Blank7,0
571,testing0076,Blank8,0
572,testing0076,Blank9,0
573,testing0077,Blank1,0
574,testing0077,Blank2,0
575,testing0077,Blank3,0
576,testing0077,Blank4,0
577,testing0077,Blank5,0
578,testing0077,Blank6,0
579,testing0077,Blank7,0
580,testing0078,Blank1,1
581,testing0078,Blank2,0
582,testing0078,Blank3,0
583,testing0078,Blank4,0
584,testing0078,Blank5,0
585,testing0078,Blank6,0
586,testing0078,Blank7,0
587,testing0078,Blank8,0
588,testing0078,Blank9,0
589,testing0078,Blank10,0
590,testing0078,Blank11,0
591,testing0078,Blank12,0
592,testing0078,Blank13,0
593,testing0079,Blank1,1
594,testing0079,Blank2,0
595,testing0079,Blank3,0
596,testing0079,Blank4,0
597,testing0079,Blank5,0
598,testing0079,Blank6,0
599,testing0079,Blank7,0
600,testing0079,Blank8,0
601,testing0079,Blank9,0
602,testing0079,Blank10,0
603,testing0079,Blank11,0
604,testing0080,Blank1,1
605,testing0080,Blank2,0
606,testing0080,Blank3,0
607,testing0080,Blank4,0
608,testing0080,Blank5,0
609,testing0080,Blank6,0
610,testing0080,Blank7,0
611,testing0080,Blank8,0
612,testing0080,Blank9,0
613,testing0080,Blank10,0
614,testing0080,Blank11,0
615,testing0080,Blank12,0
616,testing0081,Blank1,1
617,testing0081,Blank2,1
618,testing0081,Blank3,0
619,testing0081,Blank4,0
620,testing0081,Blank5,0
621,testing0081,Blank6,0
622,testing0081,Blank7,0
623,testing0081,Blank8,0
624,testing0081,Blank9,0
625,testing0081,Blank10,0
626,testing0081,Blank11,0
627,testing0081,Blank12,0
628,testing0081,Blank13,0
629,testing0081,Blank14,0
630,testing0082,Blank1,1
631,testing0082,Blank2,0
632,testing0082,Blank3,0
633,testing0082,Blank4,0
634,testing0082,Blank5,0
635,testing0082,Blank6,0
636,testing0082,Blank7,0
637,testing0082,Blank8,0
638,testing0082,Blank9,0
639,testing0083,Blank1,1
640,testing0083,Blank2,0
641,testing0083,Blank3,0
642,testing0083,Blank4,0
643,testing0083,Blank5,0
644,testing0083,Blank6,0
645,testing0084,Blank1,1
646,testing0084,Blank2,0
647,testing0084,Blank3,0
648,testing0084,Blank4,0
649,testing0084,Blank5,0
650,testing0084,Blank6,0
651,testing0084,Blank7,0
652,testing0084,Blank8,0
653,testing0084,Blank9,1
654,testing0085,Blank1,1
655,testing0085,Blank2,0
656,testing0085,Blank3,0
657,testing0085,Blank4,0
658,testing0085,Blank5,0
659,testing0085,Blank6,0
660,testing0085,Blank7,0
661,testing0085,Blank8,0
662,testing0085,Blank9,0
663,testing0086,Blank1,0
664,testing0086,Blank2,0
665,testing0086,Blank3,0
666,testing0086,Blank4,1
667,testing0086,Blank5,0
668,testing0086,Blank6,0
669,testing0086,Blank7,0
670,testing0087,Blank1,1
671,testing0087,Blank2,0
672,testing0087,Blank3,0
673,testing0087,Blank4,0
674,testing0087,Blank5,0
675,testing0087,Blank6,0
676,testing0087,Blank7,0
677,testing0087,Blank8,0
678,testing0087,Blank9,0
679,testing0087,Blank10,0
680,testing0087,Blank11,0
681,testing0088,Blank1,1
682,testing0088,Blank2,0
683,testing0088,Blank3,0
684,testing0088,Blank4,0
685,testing0088,Blank5,0
686,testing0088,Blank6,0
687,testing0089,Blank1,1
688,testing0089,Blank2,0
689,testing0089,Blank3,0
690,testing0089,Blank4,0
691,testing0089,Blank5,0
692,testing0089,Blank6,0
693,testing0089,Blank7,0
694,testing0089,Blank8,0
695,testing0089,Blank9,0
696,testing0090,Blank1,1
697,testing0090,Blank2,0
698,testing0090,Blank3,0
699,testing0090,Blank4,0
700,testing0090,Blank5,0
701,testing0090,Blank6,0
702,testing0090,Blank7,0
703,testing0091,Blank1,1
704,testing0091,Blank2,0
705,testing0091,Blank3,0
706,testing0091,Blank4,0
707,testing0091,Blank5,0
708,testing0091,Blank6,0
709,testing0091,Blank7,0
710,testing0091,Blank8,0
711,testing0091,Blank9,0
712,testing0091,Blank10,0
713,testing0091,Blank11,0
714,testing0091,Blank12,0
715,testing0091,Blank13,0
716,testing0092,Blank1,1
717,testing0092,Blank2,1
718,testing0092,Blank3,0
719,testing0092,Blank4,0
720,testing0092,Blank5,0
721,testing0093,Blank1,1
722,testing0093,Blank2,0
723,testing0093,Blank3,0
724,testing0093,Blank4,0
725,testing0093,Blank5,0
726,testing0093,Blank6,0
727,testing0093,Blank7,0
728,testing0093,Blank8,0
729,testing0093,Blank9,0
730,testing0093,Blank10,0
731,testing0094,Blank1,1
732,testing0094,Blank2,0
733,testing0094,Blank3,0
734,testing0094,Blank4,0
735,testing0094,Blank5,0
736,testing0094,Blank6,0
737,testing0094,Blank7,0
738,testing0094,Blank8,0
739,testing0094,Blank9,0
740,testing0094,Blank10,0
741,testing0094,Blank11,0
742,testing0095,Blank1,1
743,testing0095,Blank2,0
744,testing0095,Blank3,0
745,testing0095,Blank4,0
746,testing0095,Blank5,0
747,testing0095,Blank6,0
748,testing0095,Blank7,1
749,testing0095,Blank8,0
750,testing0095,Blank9,1
751,testing0095,Blank10,0
752,testing0096,Blank1,1
753,testing0096,Blank2,0
754,testing0096,Blank3,0
755,testing0096,Blank4,0
756,testing0096,Blank5,0
757,testing0096,Blank6,0
758,testing0096,Blank7,0
759,testing0096,Blank8,0
760,testing0097,Blank1,0
761,testing0097,Blank2,0
762,testing0097,Blank3,0
763,testing0097,Blank4,0
764,testing0097,Blank5,0
765,testing0097,Blank6,0
766,testing0097,Blank7,0
767,testing0098,Blank1,1
768,testing0098,Blank2,1
769,testing0098,Blank3,0
770,testing0098,Blank4,0
771,testing0098,Blank5,0
772,testing0098,Blank6,0
773,testing0098,Blank7,0
774,testing0098,Blank8,1
775,testing0098,Blank9,0
776,testing0098,Blank10,0
777,testing0098,Blank11,0
778,testing0098,Blank12,0
779,testing0098,Blank13,0
780,testing0098,Blank14,0
781,testing0098,Blank15,0
782,testing0098,Blank16,0
783,testing0099,Blank1,1
784,testing0099,Blank2,0
785,testing0099,Blank3,0
786,testing0099,Blank4,0
787,testing0099,Blank5,0
788,testing0099,Blank6,0
789,testing0099,Blank7,0
790,testing0099,Blank8,1
791,testing0099,Blank9,0
792,testing0099,Blank10,0
793,testing0099,Blank11,0
794,testing0099,Blank12,1
795,testing0099,Blank13,0
796,testing0099,Blank14,0
797,testing0099,Blank15,0
798,testing0100,Blank1,0
799,testing0100,Blank2,0
800,testing0100,Blank3,0
801,testing0100,Blank4,0
802,testing0100,Blank5,0
803,testing0100,Blank6,0
804,testing0100,Blank7,0
805,testing0100,Blank8,0
806,testing0101,Blank1,1
807,testing0101,Blank2,1
808,testing0101,Blank3,0
809,testing0102,Blank1,0
810,testing0102,Blank2,0
811,testing0102,Blank3,0
812,testing0102,Blank4,0
813,testing0102,Blank5,0
814,testing0103,Blank1,0
815,testing0103,Blank2,0
816,testing0103,Blank3,0
817,testing0103,Blank4,0
818,testing0103,Blank5,0
819,testing0103,Blank6,0
820,testing0103,Blank7,0
821,testing0103,Blank8,0
822,testing0103,Blank9,0
823,testing0103,Blank10,0
824,testing0104,Blank1,0
825,testing0104,Blank2,0
826,testing0104,Blank3,0
827,testing0104,Blank4,0
828,testing0104,Blank5,0
829,testing0104,Blank6,0
830,testing0104,Blank7,0
831,testing0104,Blank8,0
832,testing0104,Blank9,0
833,testing0104,Blank10,0
834,testing0104,Blank11,0
835,testing0105,Blank1,1
836,testing0105,Blank2,0
837,testing0105,Blank3,0
838,testing0105,Blank4,0
839,testing0105,Blank5,0
840,testing0105,Blank6,0
841,testing0105,Blank7,0
842,testing0105,Blank8,0
843,testing0105,Blank9,0
844,testing0105,Blank10,0
845,testing0105,Blank11,0
846,testing0106,Blank1,1
847,testing0106,Blank2,0
848,testing0106,Blank3,0
849,testing0106,Blank4,0
850,testing0106,Blank5,0
851,testing0106,Blank6,0
852,testing0106,Blank7,0
853,testing0107,Blank1,1
854,testing0107,Blank2,0
855,testing0107,Blank3,0
856,testing0107,Blank4,0
857,testing0107,Blank5,0
858,testing0107,Blank6,0
859,testing0107,Blank7,0
860,testing0107,Blank8,0
861,testing0107,Blank9,0
862,testing0107,Blank10,0
863,testing0108,Blank1,1
864,testing0108,Blank2,0
865,testing0108,Blank3,0
866,testing0108,Blank4,0
867,testing0108,Blank5,0
868,testing0108,Blank6,0
869,testing0108,Blank7,0
870,testing0108,Blank8,0
871,testing0109,Blank1,0
872,testing0109,Blank2,0
873,testing0109,Blank3,0
874,testing0109,Blank4,0
875,testing0109,Blank5,0
876,testing0109,Blank6,0
877,testing0109,Blank7,0
878,testing0109,Blank8,0
879,testing0109,Blank9,0
880,testing0109,Blank10,0
881,testing0109,Blank11,0
882,testing0109,Blank12,0
883,testing0110,Blank1,0
884,testing0110,Blank2,0
885,testing0110,Blank3,0
886,testing0110,Blank4,0
887,testing0110,Blank5,0
888,testing0110,Blank6,0
889,testing0110,Blank7,0
890,testing0110,Blank8,0
891,testing0110,Blank9,0
892,testing0110,Blank10,0
893,testing0110,Blank11,0
894,testing0111,Blank1,1
895,testing0111,Blank2,0
896,testing0111,Blank3,0
897,testing0111,Blank4,0
898,testing0111,Blank5,0
899,testing0111,Blank6,0
900,testing0111,Blank7,0
901,testing0112,Blank1,1
902,testing0112,Blank2,0
903,testing0112,Blank3,0
904,testing0112,Blank4,0
905,testing0112,Blank5,0
906,testing0112,Blank6,0
907,testing0112,Blank7,0
908,testing0112,Blank8,0
909,testing0113,Blank1,1
910,testing0113,Blank2,0
911,testing0113,Blank3,0
912,testing0113,Blank4,0
913,testing0113,Blank5,0
914,testing0113,Blank6,0
915,testing0114,Blank1,1
916,testing0114,Blank2,0
917,testing0114,Blank3,0
918,testing0114,Blank4,0
919,testing0115,Blank1,0
920,testing0116,Blank1,1
921,testing0116,Blank2,0
922,testing0116,Blank3,0
923,testing0116,Blank4,0
924,testing0116,Blank5,0
925,testing0116,Blank6,0
926,testing0116,Blank7,0
927,testing0116,Blank8,0
928,testing0116,Blank9,0
929,testing0117,Blank1,1
930,testing0117,Blank2,0
931,testing0117,Blank3,0
932,testing0117,Blank4,0
933,testing0117,Blank5,0
934,testing0117,Blank6,0
935,testing0118,Blank1,1
936,testing0118,Blank2,0
937,testing0118,Blank3,0
938,testing0118,Blank4,0
939,testing0118,Blank5,0
940,testing0118,Blank6,0
941,testing0119,Blank1,0
942,testing0119,Blank2,1
943,testing0119,Blank3,1
944,testing0119,Blank4,0
945,testing0119,Blank5,0
946,testing0120,Blank1,1
947,testing0120,Blank2,0
948,testing0120,Blank3,0
949,testing0120,Blank4,0
950,testing0120,Blank5,0
951,testing0120,Blank6,0
952,testing0120,Blank7,1
953,testing0121,Blank1,0
954,testing0121,Blank2,0
955,testing0121,Blank3,0
956,testing0121,Blank4,0
957,testing0121,Blank5,0
958,testing0121,Blank6,0
959,testing0121,Blank7,0
960,testing0121,Blank8,0
961,testing0122,Blank1,0
962,testing0122,Blank2,0
963,testing0122,Blank3,0
964,testing0122,Blank4,0
965,testing0122,Blank5,0
966,testing0122,Blank6,0
967,testing0123,Blank1,1
968,testing0123,Blank2,0
969,testing0123,Blank3,0
970,testing0123,Blank4,0
971,testing0123,Blank5,0
972,testing0123,Blank6,0
973,testing0124,Blank1,1
974,testing0124,Blank2,1
975,testing0124,Blank3,0
976,testing0124,Blank4,0
977,testing0124,Blank5,0
978,testing0124,Blank6,0
979,testing0124,Blank7,0
980,testing0124,Blank8,0
981,testing0125,Blank1,0
982,testing0125,Blank2,0
983,testing0125,Blank3,0
984,testing0125,Blank4,0
985,testing0125,Blank5,0
986,testing0126,Blank1,0
987,testing0126,Blank2,0
988,testing0126,Blank3,0
989,testing0126,Blank4,0
990,testing0126,Blank5,0
991,testing0126,Blank6,0
992,testing0127,Blank1,0
993,testing0127,Blank2,0
994,testing0127,Blank3,0
995,testing0127,Blank4,0
996,testing0127,Blank5,0
997,testing0127,Blank6,0
998,testing0127,Blank7,0
999,testing0127,Blank8,0
1000,testing0128,Blank1,0
1001,testing0128,Blank2,0
1002,testing0128,Blank3,0
1003,testing0128,Blank4,0
1004,testing0128,Blank5,0
1005,testing0128,Blank6,0
1006,testing0128,Blank7,0
1007,testing0128,Blank8,0
1008,testing0128,Blank9,0
1009,testing0129,Blank1,0
1010,testing0129,Blank2,0
1011,testing0129,Blank3,0
1012,testing0129,Blank4,0
1013,testing0129,Blank5,0
1014,testing0129,Blank6,0
1015,testing0130,Blank1,0
1016,testing0130,Blank2,0
1017,testing0130,Blank3,0
1018,testing0130,Blank4,0
1019,testing0130,Blank5,0
1020,testing0130,Blank6,0
1021,testing0130,Blank7,0
1022,testing0131,Blank1,1
1023,testing0131,Blank2,0
1024,testing0131,Blank3,0
1025,testing0131,Blank4,0
1026,testing0131,Blank5,0
1027,testing0131,Blank6,0
1028,testing0131,Blank7,0
1029,testing0132,Blank1,0
1030,testing0132,Blank2,0
1031,testing0132,Blank3,0
1032,testing0132,Blank4,0
1033,testing0132,Blank5,0
1034,testing0133,Blank1,1
1035,testing0133,Blank2,0
1036,testing0133,Blank3,0
1037,testing0133,Blank4,0
1038,testing0133,Blank5,0
1039,testing0133,Blank6,0
1040,testing0133,Blank7,0
1041,testing0133,Blank8,0
1042,testing0133,Blank9,0
1043,testing0133,Blank10,0
1044,testing0133,Blank11,0
1045,testing0134,Blank1,0
1046,testing0134,Blank2,0
1047,testing0134,Blank3,0
1048,testing0134,Blank4,0
1049,testing0134,Blank5,0
1050,testing0134,Blank6,0
1051,testing0134,Blank7,0
1052,testing0134,Blank8,0
1053,testing0134,Blank9,0
1054,testing0135,Blank1,0
1055,testing0135,Blank2,0
1056,testing0135,Blank3,0
1057,testing0135,Blank4,0
1058,testing0135,Blank5,0
1059,testing0135,Blank6,0
1060,testing0135,Blank7,0
1061,testing0136,Blank1,0
1062,testing0136,Blank2,0
1063,testing0136,Blank3,0
1064,testing0136,Blank4,0
1065,testing0136,Blank5,0
1066,testing0136,Blank6,0
1067,testing0136,Blank7,0
1068,testing0136,Blank8,0
1069,testing0136,Blank9,0
1070,testing0137,Blank1,0
1071,testing0137,Blank2,0
1072,testing0137,Blank3,0
1073,testing0137,Blank4,0
1074,testing0137,Blank5,0
1075,testing0137,Blank6,0
1076,testing0137,Blank7,0
1077,testing0138,Blank1,1
1078,testing0138,Blank2,0
1079,testing0138,Blank3,0
1080,testing0138,Blank4,0
1081,testing0138,Blank5,0
1082,testing0139,Blank1,0
1083,testing0139,Blank2,0
1084,testing0139,Blank3,0
1085,testing0139,Blank4,0
1086,testing0139,Blank5,0
1087,testing0139,Blank6,0
1088,testing0140,Blank1,0
1089,testing0140,Blank2,0
1090,testing0140,Blank3,0
1091,testing0140,Blank4,0
1092,testing0140,Blank5,0
1093,testing0140,Blank6,0
1094,testing0141,Blank1,1
1095,testing0141,Blank2,0
1096,testing0141,Blank3,0
1097,testing0141,Blank4,0
1098,testing0141,Blank5,0
1099,testing0142,Blank1,1
1100,testing0142,Blank2,0
1101,testing0142,Blank3,0
1102,testing0142,Blank4,0
1103,testing0142,Blank5,0
1104,testing0142,Blank6,0
1105,testing0142,Blank7,0
1106,testing0142,Blank8,0
1107,testing0142,Blank9,0
1108,testing0142,Blank10,0
1109,testing0143,Blank1,1
1110,testing0143,Blank2,0
1111,testing0143,Blank3,0
1112,testing0143,Blank4,0
1113,testing0143,Blank5,0
1114,testing0143,Blank6,0
1115,testing0143,Blank7,0
1116,testing0144,Blank1,1
1117,testing0144,Blank2,0
1118,testing0144,Blank3,0
1119,testing0144,Blank4,0
1120,testing0144,Blank5,0
1121,testing0144,Blank6,0
1122,testing0145,Blank1,1
1123,testing0145,Blank2,0
1124,testing0145,Blank3,0
1125,testing0145,Blank4,0
1126,testing0145,Blank5,0
1127,testing0145,Blank6,0
1128,testing0145,Blank7,0
1129,testing0145,Blank8,0
1130,testing0146,Blank1,1
1131,testing0146,Blank2,0
1132,testing0146,Blank3,0
1133,testing0146,Blank4,0
1134,testing0146,Blank5,0
1135,testing0147,Blank1,1
1136,testing0147,Blank2,0
1137,testing0147,Blank3,0
1138,testing0147,Blank4,0
1139,testing0147,Blank5,0
1140,testing0148,Blank1,1
1141,testing0148,Blank2,0
1142,testing0148,Blank3,0
1143,testing0148,Blank4,0
1144,testing0149,Blank1,0
1145,testing0149,Blank2,1
1146,testing0149,Blank3,0
1147,testing0149,Blank4,0
1148,testing0149,Blank5,0
1149,testing0149,Blank6,0
1150,testing0149,Blank7,0
1151,testing0149,Blank8,0
1152,testing0150,Blank1,1
1153,testing0150,Blank2,0
1154,testing0150,Blank3,0
1155,testing0150,Blank4,0
1156,testing0150,Blank5,0
1157,testing0151,Blank1,1
1158,testing0151,Blank2,0
1159,testing0151,Blank3,0
1160,testing0151,Blank4,0
1161,testing0151,Blank5,0
1162,testing0151,Blank6,0
1163,testing0151,Blank7,0
1164,testing0152,Blank1,1
1165,testing0152,Blank2,0
1166,testing0152,Blank3,0
1167,testing0152,Blank4,0
1168,testing0152,Blank5,0
1169,testing0153,Blank1,0
1170,testing0153,Blank2,0
1171,testing0153,Blank3,0
1172,testing0153,Blank4,0
1173,testing0153,Blank5,0
1174,testing0153,Blank6,0
1175,testing0153,Blank7,0
1176,testing0154,Blank1,1
1177,testing0154,Blank2,0
1178,testing0154,Blank3,0
1179,testing0154,Blank4,0
1180,testing0154,Blank5,0
1181,testing0155,Blank1,0
1182,testing0155,Blank2,0
1183,testing0155,Blank3,0
1184,testing0155,Blank4,0
1185,testing0155,Blank5,0
1186,testing0156,Blank1,1
1187,testing0156,Blank2,0
1188,testing0156,Blank3,0
1189,testing0156,Blank4,0
1190,testing0157,Blank1,1
1191,testing0157,Blank2,0
1192,testing0157,Blank3,0
1193,testing0157,Blank4,0
1194,testing0157,Blank5,0
1195,testing0157,Blank6,0
1196,testing0158,Blank1,1
1197,testing0158,Blank2,0
1198,testing0158,Blank3,0
1199,testing0158,Blank4,1
1200,testing0159,Blank1,0
1201,testing0159,Blank2,0
1202,testing0159,Blank3,0
1203,testing0159,Blank4,0
1204,testing0159,Blank5,0
1205,testing0159,Blank6,0
1206,testing0160,Blank1,1
1207,testing0160,Blank2,0
1208,testing0160,Blank3,0
1209,testing0160,Blank4,0
1210,testing0161,Blank1,0
1211,testing0161,Blank2,0
1212,testing0161,Blank3,0
1213,testing0161,Blank4,0
1214,testing0161,Blank5,0
1215,testing0162,Blank1,0
1216,testing0162,Blank2,0
1217,testing0162,Blank3,0
1218,testing0162,Blank4,0
1219,testing0162,Blank5,0
1220,testing0162,Blank6,0
1221,testing0162,Blank7,0
1222,testing0163,Blank1,0
1223,testing0163,Blank2,0
1224,testing0163,Blank3,0
1225,testing0163,Blank4,0
1226,testing0163,Blank5,0
1227,testing0164,Blank1,0
1228,testing0164,Blank2,0
1229,testing0164,Blank3,0
1230,testing0164,Blank4,0
1231,testing0164,Blank5,0
1232,testing0164,Blank6,0
1233,testing0164,Blank7,0
1234,testing0165,Blank1,0
1235,testing0165,Blank2,0
1236,testing0165,Blank3,0
1237,testing0165,Blank4,0
1238,testing0165,Blank5,0
1239,testing0166,Blank1,1
1240,testing0166,Blank2,0
1241,testing0166,Blank3,0
1242,testing0166,Blank4,0
1243,testing0166,Blank5,0
1244,testing0166,Blank6,0
1245,testing0167,Blank1,0
1246,testing0167,Blank2,1
1247,testing0167,Blank3,0
1248,testing0167,Blank4,0
1249,testing0168,Blank1,0
1250,testing0168,Blank2,0
1251,testing0168,Blank3,0
1252,testing0168,Blank4,1
1253,testing0168,Blank5,0
1254,testing0168,Blank6,0
1255,testing0168,Blank7,0
1256,testing0168,Blank8,0
1257,testing0169,Blank1,1
1258,testing0169,Blank2,0
1259,testing0169,Blank3,0
1260,testing0169,Blank4,0
1261,testing0169,Blank5,0
1262,testing0170,Blank1,1
1263,testing0170,Blank2,1
1264,testing0170,Blank3,0
1265,testing0170,Blank4,0
1266,testing0170,Blank5,0
1267,testing0171,Blank1,1
1268,testing0171,Blank2,1
1269,testing0171,Blank3,0
1270,testing0171,Blank4,0
1271,testing0171,Blank5,0
1272,testing0171,Blank6,0
1273,testing0171,Blank7,0
1274,testing0172,Blank1,1
1275,testing0172,Blank2,0
1276,testing0172,Blank3,0
1277,testing0172,Blank4,0
1278,testing0172,Blank5,0
1279,testing0173,Blank1,1
1280,testing0173,Blank2,0
1281,testing0173,Blank3,0
1282,testing0173,Blank4,0
1283,testing0173,Blank5,0
1284,testing0173,Blank6,0
1285,testing0173,Blank7,0
1286,testing0173,Blank8,0
1287,testing0174,Blank1,0
1288,testing0174,Blank2,0
1289,testing0174,Blank3,0
1290,testing0174,Blank4,0
1291,testing0174,Blank5,0
1292,testing0175,Blank1,1
1293,testing0175,Blank2,0
1294,testing0175,Blank3,0
1295,testing0175,Blank4,0
1296,testing0175,Blank5,0
1297,testing0175,Blank6,0
1298,testing0175,Blank7,0
1299,testing0176,Blank1,0
1300,testing0176,Blank2,0
1301,testing0176,Blank3,0
1302,testing0176,Blank4,0
1303,testing0176,Blank5,0
1304,testing0176,Blank6,0
1305,testing0176,Blank7,0
1306,testing0177,Blank1,0
1307,testing0177,Blank2,0
1308,testing0177,Blank3,0
1309,testing0177,Blank4,0
1310,testing0177,Blank5,0
1311,testing0177,Blank6,0
1312,testing0177,Blank7,0
1313,testing0177,Blank8,0
1314,testing0178,Blank1,1
1315,testing0178,Blank2,0
1316,testing0178,Blank3,0
1317,testing0178,Blank4,0
1318,testing0178,Blank5,0
1319,testing0178,Blank6,0
1320,testing0179,Blank1,1
1321,testing0179,Blank2,0
1322,testing0179,Blank3,0
1323,testing0179,Blank4,0
1324,testing0179,Blank5,0
1325,testing0179,Blank6,0
1326,testing0180,Blank1,0
1327,testing0180,Blank2,0
1328,testing0180,Blank3,0
1329,testing0180,Blank4,0
1330,testing0180,Blank5,0
1331,testing0181,Blank1,1
1332,testing0181,Blank2,0
1333,testing0181,Blank3,0
1334,testing0181,Blank4,0
1335,testing0182,Blank1,1
1336,testing0182,Blank2,0
1337,testing0182,Blank3,0
1338,testing0182,Blank4,0
1339,testing0182,Blank5,0
1340,testing0182,Blank6,0
1341,testing0183,Blank1,1
1342,testing0183,Blank2,1
1343,testing0183,Blank3,0
1344,testing0183,Blank4,0
1345,testing0183,Blank5,0
1346,testing0184,Blank1,1
1347,testing0184,Blank2,0
1348,testing0184,Blank3,0
1349,testing0184,Blank4,0
1350,testing0184,Blank5,0
1351,testing0184,Blank6,0
1352,testing0184,Blank7,0
1353,testing0184,Blank8,0
1354,testing0184,Blank9,0
1355,testing0185,Blank1,0
1356,testing0185,Blank2,0
1357,testing0185,Blank3,0
1358,testing0185,Blank4,0
1359,testing0185,Blank5,0
1360,testing0185,Blank6,0
1361,testing0186,Blank1,1
1362,testing0186,Blank2,0
1363,testing0186,Blank3,0
1364,testing0186,Blank4,0
1365,testing0186,Blank5,0
1366,testing0187,Blank1,1
1367,testing0187,Blank2,1
1368,testing0187,Blank3,0
1369,testing0187,Blank4,1
1370,testing0187,Blank5,0
1371,testing0187,Blank6,0
1372,testing0187,Blank7,0
1373,testing0187,Blank8,0
1374,testing0188,Blank1,1
1375,testing0188,Blank2,0
1376,testing0188,Blank3,0
1377,testing0188,Blank4,0
1378,testing0189,Blank1,0
1379,testing0189,Blank2,0
1380,testing0189,Blank3,0
1381,testing0189,Blank4,0
1382,testing0189,Blank5,0
1383,testing0190,Blank1,1
1384,testing0191,Blank1,1
1385,testing0192,Blank1,1
1386,testing0192,Blank2,0
1387,testing0192,Blank3,0
1388,testing0192,Blank4,0
1389,testing0192,Blank5,0
1390,testing0192,Blank6,0
1391,testing0192,Blank7,0
1392,testing0192,Blank8,0
1393,testing0193,Blank1,0
1394,testing0193,Blank2,0
1395,testing0193,Blank3,0
1396,testing0193,Blank4,0
1397,testing0193,Blank5,0
1398,testing0193,Blank6,0
1399,testing0194,Blank1,0
1400,testing0194,Blank2,0
1401,testing0194,Blank3,0
1402,testing0194,Blank4,0
1403,testing0194,Blank5,0
1404,testing0195,Blank1,0
1405,testing0195,Blank2,0
1406,testing0195,Blank3,0
1407,testing0195,Blank4,0
1408,testing0195,Blank5,0
1409,testing0195,Blank6,0
1410,testing0196,Blank1,0
1411,testing0196,Blank2,0
1412,testing0196,Blank3,0
1413,testing0196,Blank4,0
1414,testing0197,Blank1,0
1415,testing0197,Blank2,0
1416,testing0197,Blank3,0
1417,testing0197,Blank4,0
1418,testing0197,Blank5,0
1419,testing0197,Blank6,0
1420,testing0197,Blank7,0
1421,testing0197,Blank8,0
1422,testing0197,Blank9,0
1423,testing0197,Blank10,0
1424,testing0198,Blank1,1
1425,testing0198,Blank2,0
1426,testing0198,Blank3,0
1427,testing0198,Blank4,0
1428,testing0198,Blank5,0
1429,testing0198,Blank6,0
1430,testing0198,Blank7,0
1431,testing0199,Blank1,0
1432,testing0199,Blank2,0
1433,testing0199,Blank3,0
1434,testing0199,Blank4,0
1435,testing0199,Blank5,0
1436,testing0199,Blank6,0
1437,testing0199,Blank7,0
1438,testing0200,Blank1,1
1439,testing0200,Blank2,0
1440,testing0200,Blank3,0
1441,testing0200,Blank4,0
1442,testing0200,Blank5,0
1443,testing0200,Blank6,0
1444,testing0200,Blank7,0
